timestamp,model,epoch,train_loss,val_loss,val_mae_norm,val_mse_norm,val_rmse_norm
2026-08-26 12:30:15,small_unet,1,0.11169061766801557,0.13987049647645713,0.13987049647645713,0.03341378960521979,0.18279439161314492
2026-08-26 12:30:59,small_unet,2,0.10489976389508229,0.13024387432475729,0.13024387432475729,0.029256602769843692,0.1710456160497652
2026-08-26 12:31:44,small_unet,3,0.10729675839635698,0.12276386522474543,0.12276386522474543,0.02582013265146088,0.1606864420275117
2026-08-26 12:32:29,small_unet,4,0.1077095014838657,0.1179745511180954,0.1179745511180954,0.023481178719218104,0.1532356966219624
2026-08-26 12:33:13,small_unet,5,0.10779431011275543,0.11407544791291002,0.11407544791291002,0.021575414107246615,0.14688571784638088
2026-08-26 12:33:58,small_unet,6,0.10809123914611216,0.11261775748668394,0.11261775748668394,0.02065084370254529,0.14370401421861984
2026-08-26 12:34:42,small_unet,7,0.10751702253279898,0.1123741369859393,0.1123741369859393,0.020321626633934404,0.14255394289157491
2026-08-26 12:35:25,small_unet,8,0.1081154846023613,0.11289770076109562,0.11289770076109562,0.020562486829476256,0.1433962580734806
2026-08-26 12:36:09,small_unet,9,0.10823998074047267,0.11222318396418511,0.11222318396418511,0.020129013351530983,0.14187675409146835
2026-08-26 12:36:54,small_unet,10,0.10815659239985204,0.11212983815736759,0.11212983815736759,0.020102735191661242,0.14178411473667013
2026-08-26 12:37:39,small_unet,11,0.10840147136283727,0.11242640997321966,0.11242640997321966,0.020244896826019005,0.1422845628521204
2026-08-26 12:38:24,small_unet,12,0.10825671270722523,0.11235374652217918,0.11235374652217918,0.020037703034783288,0.14155459383143765
2026-08-26 12:39:08,small_unet,13,0.10877128245871669,0.11229443080083001,0.11229443080083001,0.01997700137993282,0.14134002044690958
2026-08-26 12:39:53,small_unet,14,0.10894406297787403,0.11247744493690941,0.11247744493690941,0.020084164515234686,0.14171861033482755
2026-08-26 12:40:38,small_unet,15,0.10947300429591754,0.11265071976231411,0.11265071976231411,0.020062825018006453,0.14164330205839756
2026-08-26 12:41:23,small_unet,16,0.10910357450290273,0.11286692566257746,0.11286692566257746,0.020122305995149265,0.14185311415386434
2026-08-26 12:42:07,small_unet,17,0.10917307964312689,0.1127174373298961,0.1127174373298961,0.020154936415565317,0.14196808238320793
2026-08-26 12:42:52,small_unet,18,0.1090757977818915,0.11262675922868463,0.11262675922868463,0.02007957791041311,0.14170242732717428
2026-08-26 12:43:36,small_unet,19,0.10903887037517658,0.11266293635223217,0.11266293635223217,0.02010728079767432,0.1418001438563245
2026-08-26 12:44:21,small_unet,20,0.10815404782867215,0.11219683003825291,0.11219683003825291,0.019930716022220924,0.14117618787253366
2026-08-26 12:45:06,small_unet,21,0.10792219392606058,0.11244006686320063,0.11244006686320063,0.019979103818513977,0.1413474577716698
2026-08-26 12:45:51,small_unet,22,0.10917760368126134,0.11207805697146493,0.11207805697146493,0.01997464049388024,0.14133166840407793
2026-08-26 12:46:36,small_unet,23,0.10876449380302802,0.11284010406234302,0.11284010406234302,0.02007930925568265,0.14170147937012742
2026-08-26 12:47:20,small_unet,24,0.10731107815324019,0.11353462605620734,0.11353462605620734,0.020244635977178405,0.1422836462042578
2026-08-26 12:48:05,small_unet,25,0.1086064305806455,0.11261180188739672,0.11261180188739672,0.019988958637744265,0.14138231373741295
2026-08-26 12:48:49,small_unet,26,0.1077888067792325,0.11248224522569217,0.11248224522569217,0.020481530796435738,0.14311369884268849
2026-08-26 12:49:34,small_unet,27,0.10800210786789345,0.11121625773860917,0.11121625773860917,0.019822780140202667,0.1407933952293312
2026-08-26 12:50:19,small_unet,28,0.10676727636891883,0.11213559959530055,0.11213559959530055,0.01988587802376666,0.14101729689568815
2026-08-26 12:51:04,small_unet,29,0.10816129378799814,0.11173477043242504,0.11173477043242504,0.019881792565380845,0.14100281048752483
2026-08-26 12:51:49,small_unet,30,0.10809967264746471,0.11192032647765397,0.11192032647765397,0.01996950670248528,0.14131350502512235
2026-08-26 12:52:33,small_unet,31,0.1075811937150623,0.11220660923572723,0.11220660923572723,0.019860521531882114,0.14092736260883518
2026-08-26 12:53:18,small_unet,32,0.1073218450852437,0.11161285511722478,0.11161285511722478,0.019804323098469467,0.14072783341780498
2026-08-26 12:54:03,small_unet,33,0.10716406504216139,0.11172418164884827,0.11172418164884827,0.019977971355425932,0.1413434517599805
2026-08-26 12:54:48,small_unet,34,0.10770909495671124,0.11174463040273015,0.11174463040273015,0.01977164428778148,0.14061167905896538
2026-08-26 12:55:32,small_unet,35,0.1073736313720777,0.11186417960561812,0.11186417960561812,0.019985114619582117,0.14136871867418943
2026-08-26 12:56:17,small_unet,36,0.10623501308922036,0.11082460608061713,0.11082460608061713,0.01957718882173746,0.13991850778841755
2026-08-26 12:57:01,small_unet,37,0.10668017400700289,0.11072308980995633,0.11072308980995633,0.01946981969134261,0.13953429575320403
2026-08-26 12:57:46,small_unet,38,0.10608131884849475,0.1104499038871533,0.1104499038871533,0.019529067720516952,0.1397464408152027
2026-08-26 12:58:31,small_unet,39,0.10701532312571847,0.11029542162335322,0.11029542162335322,0.019461893709679618,0.13950589130814375
2026-08-26 12:59:16,small_unet,40,0.10566342446254566,0.11005414010530028,0.11005414010530028,0.019505560937432165,0.13966231036837448
2026-08-26 13:00:01,small_unet,41,0.10692495797896602,0.11035431345226243,0.11035431345226243,0.019517937295555992,0.1397066114955051
2026-08-26 13:00:45,small_unet,42,0.10679700936598238,0.1101033284891552,0.1101033284891552,0.019299935646207207,0.1389242082799366
2026-08-26 13:01:31,small_unet,43,0.10637172903904381,0.11046390688958733,0.11046390688958733,0.01946666216523833,0.13952298077821562
2026-08-26 13:02:16,small_unet,44,0.10634168489389897,0.11380132967315149,0.11380132967315149,0.021435268016527214,0.14640788235790864
2026-08-26 13:03:01,small_unet,45,0.1062195303888681,0.10982523925971084,0.10982523925971084,0.01940939966577086,0.13931762151921365
2026-08-26 13:03:47,small_unet,46,0.10601366902410518,0.11002026354738821,0.11002026354738821,0.01933863987020838,0.13906343829421297
2026-08-26 13:04:32,small_unet,47,0.10481907265202609,0.11012864302028902,0.11012864302028902,0.019325105378811713,0.13901476676530344
2026-08-26 13:05:18,small_unet,48,0.10510843379694658,0.10961798985954374,0.10961798985954374,0.019091573313441284,0.13817225956551946
2026-08-26 13:06:04,small_unet,49,0.10532703140343073,0.10975728641399958,0.10975728641399958,0.01925003087459724,0.13874448051939667
2026-08-26 13:06:49,small_unet,50,0.10566831128380727,0.10954945804648257,0.10954945804648257,0.0191624605143564,0.138428539378108
2026-08-26 13:07:33,small_unet,51,0.10504366766350964,0.10965743862713377,0.10965743862713377,0.019291815497732994,0.13889498010271284
2026-08-26 13:08:18,small_unet,52,0.10410298111188847,0.10998670347908046,0.10998670347908046,0.01903112219072985,0.13795333338027702
2026-08-26 13:09:02,small_unet,53,0.10532310088844193,0.10974091394261147,0.10974091394261147,0.019234235871711764,0.13868754764473906
2026-08-26 13:09:46,small_unet,54,0.10582212766069764,0.109199143111861,0.109199143111861,0.01907549504691512,0.13811406534786788
2026-08-26 13:10:31,small_unet,55,0.10635590063951289,0.10964914288100165,0.10964914288100165,0.019149155349926634,0.1383804731525609
2026-08-26 13:11:16,small_unet,56,0.10552042614047726,0.11005029407776117,0.11005029407776117,0.01921086796725528,0.1386032754564454
2026-08-26 13:12:00,small_unet,57,0.10555837148955713,0.10961583300862306,0.10961583300862306,0.019380760001695307,0.13921479807008774
2026-08-26 13:12:45,small_unet,58,0.10507071579825909,0.10900459554007587,0.10900459554007587,0.019158581587059114,0.13841452809246257
2026-08-26 13:13:29,small_unet,59,0.1061000731405026,0.10960606727652096,0.10960606727652096,0.019216396283809445,0.1386232169725167
2026-08-26 13:14:13,small_unet,60,0.10452815590445728,0.10926250885919823,0.10926250885919823,0.01924443425074666,0.13872431023705492
2026-08-26 13:14:58,small_unet,61,0.10555056808516383,0.11028694555473824,0.11028694555473824,0.019382475246554048,0.13922095835955894
2026-08-26 13:15:43,small_unet,62,0.10561357421878105,0.10975014085609776,0.10975014085609776,0.019290793833533826,0.13889130222419915
2026-08-26 13:16:27,small_unet,63,0.10578917467792052,0.10957354338218768,0.10957354338218768,0.01924639421304164,0.1387313742923411
2026-08-26 13:17:12,small_unet,64,0.10595348089506539,0.1089577882764085,0.1089577882764085,0.01900527984131865,0.13785963818797237
2026-08-26 13:17:56,small_unet,65,0.10436905410218363,0.11001175866113044,0.11001175866113044,0.019289426374598406,0.13888637937032705
2026-08-26 13:18:40,small_unet,66,0.10647089898605676,0.1133329947964133,0.1133329947964133,0.02085955477468815,0.1444283724712293
2026-08-26 13:19:25,small_unet,67,0.10569823055702728,0.10896621810388751,0.10896621810388751,0.018886170399127877,0.13742696387218878
2026-08-26 13:20:10,small_unet,68,0.10527879249711987,0.10957358596109164,0.10957358596109164,0.01912055767631197,0.1382771046714241
2026-08-26 13:20:54,small_unet,69,0.10506754862435627,0.10929964683115638,0.10929964683115638,0.019220611714445113,0.13863842077304947
2026-08-26 13:21:38,small_unet,70,0.10484712340985425,0.1090178341740587,0.1090178341740587,0.018992902826539648,0.13781474096242263
2026-08-26 13:22:23,small_unet,71,0.1045189821816166,0.10888437736139167,0.10888437736139167,0.019002112271967537,0.13784814932369435
2026-08-26 13:23:07,small_unet,72,0.10355778217732829,0.10793569836823735,0.10793569836823735,0.018526527724134212,0.13611218800729863
2026-08-26 13:23:52,small_unet,73,0.10397526534798089,0.10804688561862956,0.10804688561862956,0.018607601641936828,0.13640968309448134
2026-08-26 13:24:36,small_unet,74,0.1027951046077457,0.1063847987970803,0.1063847987970803,0.018161137043838,0.13476326296078617
2026-08-26 13:25:21,small_unet,75,0.10259664758486906,0.10716583899920806,0.10716583899920806,0.018432186201607692,0.13576518773826998
2026-08-26 13:26:05,small_unet,76,0.10197774056092991,0.10823576177547996,0.10823576177547996,0.01887078288897707,0.1373709681445722
2026-08-26 13:26:49,small_unet,77,0.10172776558611077,0.10842213011831821,0.10842213011831821,0.018797761845235073,0.137104930054448
2026-08-26 13:27:34,small_unet,78,0.10148980474332348,0.10609069357451517,0.10609069357451517,0.017882997737312206,0.13372732606805612
2026-08-26 13:28:18,small_unet,79,0.10179712384318312,0.1063727671765567,0.1063727671765567,0.01799095494334324,0.1341303654783034
2026-08-26 13:29:03,small_unet,80,0.10014866767548179,0.10673713003537462,0.10673713003537462,0.018284925905087828,0.13522176564846292
2026-08-26 13:29:47,small_unet,81,0.100522313034647,0.10850760638034747,0.10850760638034747,0.01892329490904861,0.13756196752390762
2026-08-26 13:30:32,small_unet,82,0.1002895002476483,0.10550093926819197,0.10550093926819197,0.017804765440814663,0.13343449869061097
2026-08-26 13:31:16,small_unet,83,0.09963745138957165,0.10510048945434391,0.10510048945434391,0.017607841539453755,0.13269454223687482
2026-08-26 13:32:00,small_unet,84,0.100022424760391,0.10576927527533068,0.10576927527533068,0.01788657192507041,0.13374068911543116
2026-08-26 13:32:44,small_unet,85,0.09948705261146339,0.10496511052285011,0.10496511052285011,0.017541078184876824,0.13244273549303043
2026-08-26 13:33:29,small_unet,86,0.09924462098473062,0.10541455390436265,0.10541455390436265,0.017855688981399,0.133625180940566
2026-08-26 13:34:14,small_unet,87,0.09835042660367131,0.10426030847399186,0.10426030847399186,0.017335292384511074,0.13166355754160328
2026-08-26 13:34:58,small_unet,88,0.09813822417733414,0.10378431216910637,0.10378431216910637,0.01721561749824711,0.13120829813029017
2026-08-26 13:35:42,small_unet,89,0.09778011101783098,0.10297723739252736,0.10297723739252736,0.01698494676050662,0.1303263087811
2026-08-26 13:36:26,small_unet,90,0.09777952866473545,0.10305090114222064,0.10305090114222064,0.01704127133871225,0.13054222052160844
2026-08-26 13:37:11,small_unet,91,0.09821110047632828,0.10333770132274367,0.10333770132274367,0.017131837103079306,0.13088864390419555
2026-08-26 13:37:55,small_unet,92,0.0969603605796389,0.10213248399668373,0.10213248399668373,0.016774624326899357,0.12951688819184684
2026-08-26 13:38:39,small_unet,93,0.09733852047502296,0.10306736445151425,0.10306736445151425,0.017130831024284515,0.13088480058541754
2026-08-26 13:39:24,small_unet,94,0.09765120636632976,0.10163616864883807,0.10163616864883807,0.016712822544832306,0.12927808222909368
2026-08-26 13:40:08,small_unet,95,0.09649054828041699,0.10173940414582223,0.10173940414582223,0.01684671079541052,0.12979487969642917
2026-08-26 13:40:52,small_unet,96,0.09590282445230211,0.10191262331985247,0.10191262331985247,0.016814275506173242,0.1296698712352767
2026-08-26 13:41:36,small_unet,97,0.09650020733097335,0.1019146066828398,0.1019146066828398,0.01672905769070591,0.129340858550985
2026-08-26 13:42:21,small_unet,98,0.09657311609140985,0.10163021299134319,0.10163021299134319,0.01670470835809586,0.1292466957337628
2026-08-26 13:43:05,small_unet,99,0.09733015823779473,0.10084708639866828,0.10084708639866828,0.016516354276063794,0.12851596895352652
2026-08-26 13:43:49,small_unet,100,0.09590494865648604,0.10072109247751844,0.10072109247751844,0.016417779730848753,0.12813188413056587
2026-08-26 15:23:25,simple_cnn,1,0.10784546204376966,0.12167168450832833,0.12167168450832833,0.02536790224955136,0.15927304307242754
2026-08-26 15:23:58,simple_cnn,2,0.10446897749983085,0.14100583158627464,0.14100583158627464,0.033909047105529076,0.18414409332240086
2026-08-26 15:24:30,simple_cnn,3,0.10585042558377608,0.12728275059877583,0.12728275059877583,0.027867328413776704,0.16693510240143236
2026-08-26 15:25:03,simple_cnn,4,0.10663614022972373,0.11551449447870255,0.11551449447870255,0.022358628549833764,0.14952801928011272
2026-08-26 15:25:35,simple_cnn,5,0.10752799613013243,0.11275092816504184,0.11275092816504184,0.020834082581738283,0.14434016274668074
2026-08-26 15:26:08,simple_cnn,6,0.10780672632196607,0.11237396418679661,0.11237396418679661,0.02038413117285624,0.14277300575688753
2026-08-26 15:26:40,simple_cnn,7,0.10830863107306261,0.11236675916006789,0.11236675916006789,0.02035380364213779,0.1426667573127594
2026-08-26 15:27:13,simple_cnn,8,0.10791242683092908,0.11245691123379704,0.11245691123379704,0.020305629028977517,0.1424978211376494
2026-08-26 15:27:46,simple_cnn,9,0.1081874669510095,0.11270916235419766,0.11270916235419766,0.020415276532427622,0.14288203712303243
2026-08-26 15:28:19,simple_cnn,10,0.10858627675042953,0.11240220169323341,0.11240220169323341,0.020217065434432396,0.14218672734975088
2026-08-26 15:28:52,simple_cnn,11,0.10842743925265191,0.11295067990431562,0.11295067990431562,0.020656076883824426,0.14372222125970788
2026-08-26 15:29:26,simple_cnn,12,0.10846830487134866,0.11253084059959899,0.11253084059959899,0.020309793730120873,0.14251243359833862
2026-08-26 15:29:59,simple_cnn,13,0.10835867510662259,0.11175366575480439,0.11175366575480439,0.020148694915709104,0.14194609862799717
2026-08-26 15:30:32,simple_cnn,14,0.10837285158049781,0.11176360128835465,0.11176360128835465,0.020021715981177596,0.1414981129951124
2026-08-26 15:31:05,simple_cnn,15,0.10812397925183177,0.11233527163858525,0.11233527163858525,0.02015778264315789,0.14197810621063336
2026-08-26 15:31:38,simple_cnn,16,0.10877157115610317,0.11167751635851648,0.11167751635851648,0.02001314705709471,0.14146783046719388
2026-08-26 15:32:11,simple_cnn,17,0.10811459249719822,0.11202087377993546,0.11202087377993546,0.020060293547733938,0.14163436570173898
2026-08-26 15:32:44,simple_cnn,18,0.10810786305907337,0.11326920381785992,0.11326920381785992,0.020657181761635002,0.14372606500435126
2026-08-26 15:33:17,simple_cnn,19,0.10803702420186406,0.11266052847592316,0.11266052847592316,0.02038221215783172,0.1427662850880127
2026-08-26 15:33:50,simple_cnn,20,0.10909455143264495,0.11298778125395377,0.11298778125395377,0.020503335483226692,0.143189858171683
2026-08-26 15:34:23,simple_cnn,21,0.1079959191304321,0.11196022093160234,0.11196022093160234,0.02003307733866677,0.14153825397632533
2026-08-26 15:34:56,simple_cnn,22,0.10823795883334242,0.11178162887032765,0.11178162887032765,0.020035360746078368,0.14154632014318977
2026-08-26 15:35:30,simple_cnn,23,0.10871776991892451,0.11160987966771548,0.11160987966771548,0.019967746319404494,0.14130727624366868
2026-08-26 15:36:03,simple_cnn,24,0.10857229615018392,0.11164989689132199,0.11164989689132199,0.019934440368160722,0.1411893776746704
2026-08-26 15:36:36,simple_cnn,25,0.10825615193073948,0.11148519775209327,0.11148519775209327,0.019864608205656015,0.14094186108341275
2026-08-26 15:37:09,simple_cnn,26,0.10813630906729182,0.11208651404983054,0.11208651404983054,0.019857052133678128,0.1409150528995328
2026-08-26 15:37:42,simple_cnn,27,0.10789100098093816,0.11188307533060045,0.11188307533060045,0.019882403944393445,0.14100497843832835
2026-08-26 15:38:15,simple_cnn,28,0.10820321349213675,0.11218010187440086,0.11218010187440086,0.02042935658452431,0.14293130022680237
2026-08-26 15:38:48,simple_cnn,29,0.10779249885041887,0.11178526261937805,0.11178526261937805,0.020060484143565798,0.14163503854472523
2026-08-26 15:39:21,simple_cnn,30,0.10725944315005714,0.1117838120117085,0.1117838120117085,0.01987723459751578,0.14098664687663076
2026-08-26 15:39:54,simple_cnn,31,0.10827764912683051,0.11155482857914951,0.11155482857914951,0.01987717351524528,0.14098643025215327
2026-08-26 15:40:27,simple_cnn,32,0.108872811984232,0.1113694011582993,0.1113694011582993,0.019883536119474837,0.14100899304468079
2026-08-26 15:41:00,simple_cnn,33,0.1082830011107338,0.11146904657168004,0.11146904657168004,0.019815429775917437,0.14076728943869538
2026-08-26 15:41:33,simple_cnn,34,0.10757830062745294,0.11161270917606696,0.11161270917606696,0.01983542896838723,0.14083830788669405
2026-08-26 15:42:06,simple_cnn,35,0.1081357532190547,0.11140467546647415,0.11140467546647415,0.019822212034947977,0.1407913777010083
2026-08-26 15:42:39,simple_cnn,36,0.1084759800452351,0.11137207301120118,0.11137207301120118,0.020173109144404105,0.14203207083051386
2026-08-26 15:43:12,simple_cnn,37,0.10757271335460246,0.11194042685868529,0.11194042685868529,0.02003374000802675,0.141540594911943
2026-08-26 15:43:45,simple_cnn,38,0.10770036497657808,0.11247572191253614,0.11247572191253614,0.02033163796174146,0.14258905274158132
2026-08-26 15:44:19,simple_cnn,39,0.10769038299040404,0.11186150223268972,0.11186150223268972,0.020030093358097172,0.14152771233259293
2026-08-26 15:44:52,simple_cnn,40,0.10815643836879947,0.11127666734682862,0.11127666734682862,0.019808368270181138,0.14074220500681783
2026-08-26 15:45:25,simple_cnn,41,0.10793908198829741,0.11144354047428351,0.11144354047428351,0.01995279515843625,0.1412543633253014
2026-08-26 15:45:58,simple_cnn,42,0.10780224701738916,0.11127174748010778,0.11127174748010778,0.019978122958794604,0.14134398805324053
2026-08-26 15:46:31,simple_cnn,43,0.10836084035011785,0.11177183892383862,0.11177183892383862,0.019848814061636706,0.14088581923542448
2026-08-26 15:47:04,simple_cnn,44,0.1081683337125772,0.11166288684762549,0.11166288684762549,0.019828382155537838,0.1408132882775551
2026-08-26 15:47:37,simple_cnn,45,0.10676739053548469,0.11130872766079847,0.11130872766079847,0.019776653086713242,0.14062948868111994
2026-08-26 15:48:10,simple_cnn,46,0.10849958483110338,0.11190504187834449,0.11190504187834449,0.019871155884781427,0.14096508746771813
2026-08-26 15:48:43,simple_cnn,47,0.1085154971825735,0.11185055268773188,0.11185055268773188,0.01984636994560181,0.1408771448660208
2026-08-26 15:49:16,simple_cnn,48,0.10887133968644776,0.11142084296928563,0.11142084296928563,0.019763915780761938,0.14058419463354313
2026-08-26 15:49:49,simple_cnn,49,0.10862284187945383,0.11128440946049523,0.11128440946049523,0.019732667717107688,0.14047301419528124
2026-08-26 15:50:22,simple_cnn,50,0.1083907205039092,0.11181019964957765,0.11181019964957765,0.019979806572033947,0.1413499436576964
2026-08-26 15:50:55,simple_cnn,51,0.1080989569745725,0.11121656134006723,0.11121656134006723,0.01992238885698801,0.1411466926888052
2026-08-26 15:51:28,simple_cnn,52,0.10834970912643864,0.11155116291774902,0.11155116291774902,0.019928863966924837,0.14116962834450206
2026-08-26 15:52:02,simple_cnn,53,0.10814102839212865,0.11153239706861011,0.11153239706861011,0.019821164015714505,0.14078765576468166
2026-08-26 15:52:35,simple_cnn,54,0.10781358159147203,0.1112787904033515,0.1112787904033515,0.01978857562335179,0.14067187218257882
2026-08-26 15:53:08,simple_cnn,55,0.10718781871449513,0.11183887860776547,0.11183887860776547,0.01984154355886858,0.14086001405249318
2026-08-26 15:53:41,simple_cnn,56,0.10922713079101716,0.1118367329860727,0.1118367329860727,0.019921431382196413,0.14114330087608273
2026-08-26 15:54:14,simple_cnn,57,0.10830456525145564,0.11256281469347111,0.11256281469347111,0.019958043645904883,0.14127294024654857
2026-08-26 15:54:47,simple_cnn,58,0.10853355722404862,0.1117010586555504,0.1117010586555504,0.019906293417686054,0.14108966446088833
2026-08-26 15:55:20,simple_cnn,59,0.10810008869448211,0.11233403127698693,0.11233403127698693,0.019883803457863298,0.14100994098950365
2026-08-26 15:55:54,simple_cnn,60,0.1088004211584727,0.11136114573067364,0.11136114573067364,0.01995804954124954,0.141272961111635
2026-08-26 15:56:27,simple_cnn,61,0.10780245399121971,0.11353701763922193,0.11353701763922193,0.02017800069703905,0.14204928967453181
2026-08-26 15:57:00,simple_cnn,62,0.10822449032275472,0.1114868730995416,0.1114868730995416,0.019757575158412994,0.14056164184589262
2026-08-26 15:57:33,simple_cnn,63,0.1081062456330983,0.113062732576509,0.113062732576509,0.020075223687247973,0.14168706252600474
2026-08-26 15:58:06,simple_cnn,64,0.1080921525368467,0.11149871806264855,0.11149871806264855,0.020054632199389744,0.14161437850511419
2026-08-26 15:58:39,simple_cnn,65,0.10792270808112031,0.11111106709965195,0.11111106709965195,0.019644767275773727,0.14015979193682376
2026-08-26 15:59:12,simple_cnn,66,0.1081553599088996,0.11223407411307562,0.11223407411307562,0.01984769339439178,0.1408818419612399
2026-08-26 15:59:45,simple_cnn,67,0.10828031437607327,0.11219729676668067,0.11219729676668067,0.019875455293610383,0.14098033654950035
2026-08-26 16:00:18,simple_cnn,68,0.10823711182844514,0.11099120446791251,0.11099120446791251,0.01985811309411171,0.14091881738828108
2026-08-26 16:00:52,simple_cnn,69,0.10895656222710386,0.11107801213802304,0.11107801213802304,0.019678004133614497,0.1402783095621504
2026-08-26 16:01:25,simple_cnn,70,0.1083567875175504,0.11138835022575222,0.11138835022575222,0.01986603612294857,0.14094692661760516
2026-08-26 16:01:58,simple_cnn,71,0.10754723585559986,0.11162236859672703,0.11162236859672703,0.019743207199401997,0.14051052344718526
2026-08-26 16:02:31,simple_cnn,72,0.10772853103214099,0.11098890439219151,0.11098890439219151,0.019629507106704597,0.14010534289135657
2026-08-26 16:03:04,simple_cnn,73,0.1080327272550979,0.111736322020685,0.111736322020685,0.0198305035728481,0.14082082080732275
2026-08-26 16:03:37,simple_cnn,74,0.1079309330729302,0.1111536642468612,0.1111536642468612,0.019651953177344694,0.14018542426851907
2026-08-26 16:04:10,simple_cnn,75,0.10815537048620172,0.111525712297104,0.111525712297104,0.019821113445686933,0.14078747616775766
2026-08-26 16:04:43,simple_cnn,76,0.10773395063976447,0.1118159736894692,0.1118159736894692,0.019877680879593147,0.14098822957819263
2026-08-26 16:05:16,simple_cnn,77,0.10814970266947058,0.11256108149245847,0.11256108149245847,0.019968372976109094,0.1413094935809661
2026-08-26 16:05:49,simple_cnn,78,0.10835738759099817,0.11401897159036405,0.11401897159036405,0.02045510427312062,0.14302134201971614
2026-08-26 16:06:22,simple_cnn,79,0.10813149467770321,0.11207837775873486,0.11207837775873486,0.019875580242720996,0.14098077969255596
2026-08-26 16:06:55,simple_cnn,80,0.1083212514592257,0.11310587446011293,0.11310587446011293,0.020293506753963204,0.14245527983884348
2026-08-26 16:07:28,simple_cnn,81,0.10814470662444364,0.11204622611694504,0.11204622611694504,0.019876588079265883,0.14098435402294074
2026-08-26 16:08:01,simple_cnn,82,0.10850348186310536,0.11195793562122465,0.11195793562122465,0.01988689856777152,0.1410209153557426
2026-08-26 16:08:34,simple_cnn,83,0.10791496477031615,0.11235126243749012,0.11235126243749012,0.019890404247538147,0.14103334445278587
2026-08-26 16:09:07,simple_cnn,84,0.10779935606891135,0.11104893636365887,0.11104893636365887,0.0196678493627284,0.14024210980560867
2026-08-26 16:09:40,simple_cnn,85,0.1078008188662352,0.11156029003905132,0.11156029003905132,0.019773625823290786,0.14061872500947656
2026-08-26 16:10:13,simple_cnn,86,0.10808480713652292,0.11159288811904844,0.11159288811904844,0.019755387745741853,0.14055386065754955
2026-08-26 16:10:46,simple_cnn,87,0.10796710720460397,0.11145905425655656,0.11145905425655656,0.019755210370021814,0.1405532296677021
2026-08-26 16:11:19,simple_cnn,88,0.10745954932256913,0.11143020215968136,0.11143020215968136,0.019826003392760565,0.14080484151037054
2026-08-26 16:11:52,simple_cnn,89,0.10803166167461313,0.1118791924333588,0.1118791924333588,0.01987945489327103,0.14099452079166422
2026-08-26 16:12:25,simple_cnn,90,0.10764388784494562,0.11137105352342284,0.11137105352342284,0.01985871668815283,0.14092095900948456
2026-08-26 16:12:59,simple_cnn,91,0.10784467130336756,0.11122359723958652,0.11122359723958652,0.019645830083997378,0.1401635833017884
2026-08-26 16:13:32,simple_cnn,92,0.10734055359207559,0.11241370883362833,0.11241370883362833,0.019992825819826976,0.14139598940502865
2026-08-26 16:14:05,simple_cnn,93,0.10801622254172495,0.11275861637841444,0.11275861637841444,0.01995393966838795,0.14125841450472235
2026-08-26 16:14:38,simple_cnn,94,0.10787159147536537,0.11139453669602517,0.11139453669602517,0.019738221038096526,0.14049277930945964
2026-08-26 16:15:11,simple_cnn,95,0.10802771659412731,0.11319652587311187,0.11319652587311187,0.02019347656823811,0.14210375282953688
2026-08-26 16:15:44,simple_cnn,96,0.10734015333291609,0.11216394171060529,0.11216394171060529,0.019834892330739724,0.14083640271868536
2026-08-26 16:16:17,simple_cnn,97,0.1076774728843399,0.11116028095420916,0.11116028095420916,0.019679919003162166,0.14028513464783846
2026-08-26 16:16:50,simple_cnn,98,0.10870300495104554,0.11227354186606438,0.11227354186606438,0.019813009689945222,0.14075869312388922
2026-08-26 16:17:23,simple_cnn,99,0.10849601984761345,0.11165537919926767,0.11165537919926767,0.019721198341661268,0.14043218413761593
2026-08-26 16:17:56,simple_cnn,100,0.10647942617943044,0.1119846513417239,0.1119846513417239,0.01977573409900894,0.14062622123561785
2026-08-26 16:20:09,transunet_lite,1,0.10135612396819245,0.11956863483646885,0.11956863483646885,0.024281171743950836,0.15582416931898221
2026-08-26 16:21:54,transunet_lite,2,0.09739807190489955,0.12267096166033298,0.12267096166033298,0.025699870292100968,0.16031179087048142
2026-08-26 16:23:39,transunet_lite,3,0.0971591118441817,0.11688453456008574,0.11688453456008574,0.02299165775639267,0.15163000282395522
2026-08-26 16:25:25,transunet_lite,4,0.09521272558049532,0.1224054834213651,0.1224054834213651,0.025606854954124476,0.16002142029779787
2026-08-26 16:27:10,transunet_lite,5,0.09491486989475864,0.1204217344954183,0.1204217344954183,0.024704892367253706,0.15717790037805476
2026-08-26 16:28:55,transunet_lite,6,0.09475661999507186,0.11536373357618383,0.11536373357618383,0.02219492828089642,0.14897962371041357
2026-08-26 16:30:39,transunet_lite,7,0.09433877588356457,0.11964989998523379,0.11964989998523379,0.02434216923287143,0.15601977192930205
2026-08-26 16:32:25,transunet_lite,8,0.09478617811134124,0.11812071012536762,0.11812071012536762,0.023582615890973102,0.15356632407846812
2026-08-26 16:34:09,transunet_lite,9,0.09427436320450701,0.1142426471390839,0.1142426471390839,0.02163376923999749,0.1470842249869016
2026-08-26 16:35:55,transunet_lite,10,0.09505668305646395,0.11907886809543318,0.11907886809543318,0.024057620842237764,0.15510519282808607
2026-08-26 16:37:39,transunet_lite,11,0.09485184957593447,0.11645431137731066,0.11645431137731066,0.022836043689494545,0.15111599415513416
2026-08-26 16:39:24,transunet_lite,12,0.09472917054469386,0.11922843560993594,0.11922843560993594,0.024069317688372394,0.1551428944179281
2026-08-26 16:41:09,transunet_lite,13,0.0948826474334055,0.11839440093899611,0.11839440093899611,0.0237925008257965,0.15424817932733112
2026-08-26 16:42:54,transunet_lite,14,0.09636490413007172,0.11840459088368031,0.11840459088368031,0.023732375345237717,0.15405315753089163
2026-08-26 16:44:39,transunet_lite,15,0.094775291554591,0.11593633376226838,0.11593633376226838,0.022519815584928438,0.15006603741329494
2026-08-26 16:46:24,transunet_lite,16,0.0939320609497372,0.11819903193342422,0.11819903193342422,0.0236904938049823,0.15391716540068653
2026-08-26 16:48:09,transunet_lite,17,0.09390684908188025,0.11760340375136973,0.11760340375136973,0.023522443228406093,0.15337028143811335
2026-08-26 16:49:54,transunet_lite,18,0.0934086573254414,0.11809683727915399,0.11809683727915399,0.02358383604935928,0.15357029676782968
2026-08-26 16:51:39,transunet_lite,19,0.09738388233769607,0.11504768082037724,0.11504768082037724,0.022050263519001117,0.14849331136115565
2026-08-26 16:53:24,transunet_lite,20,0.09505302776863876,0.121235766368045,0.121235766368045,0.0249106520635299,0.1578310871264907
2026-08-26 16:55:09,transunet_lite,21,0.09372405673808923,0.11339306402684694,0.11339306402684694,0.021142164356964106,0.14540345373120991
2026-08-26 16:56:54,transunet_lite,22,0.09287547202062948,0.11617509805243269,0.11617509805243269,0.022543660699890705,0.15014546513261964
2026-08-26 16:58:38,transunet_lite,23,0.0932625673294145,0.11663509070300886,0.11663509070300886,0.02311857333158211,0.1520479310335465
2026-08-26 17:00:24,transunet_lite,24,0.09203118878964839,0.11876560820625552,0.11876560820625552,0.024020299598002264,0.15498483667121202
2026-08-26 17:02:08,transunet_lite,25,0.09316530191839169,0.11229218009975739,0.11229218009975739,0.02084788697447948,0.14438797378756818
2026-08-26 17:03:53,transunet_lite,26,0.09267113491975275,0.11693049253517529,0.11693049253517529,0.023199429478154343,0.15231358927605357
2026-08-26 17:05:38,transunet_lite,27,0.09493223580066115,0.11777237457378457,0.11777237457378457,0.023501692811199366,0.15330261840946932
2026-08-26 17:07:23,transunet_lite,28,0.09341169272811385,0.11455305678828154,0.11455305678828154,0.02208265311658882,0.1486023321371129
2026-08-26 17:09:08,transunet_lite,29,0.09123640918041928,0.11153639350959565,0.11153639350959565,0.020932300189694313,0.14467999236139845
2026-08-26 17:10:53,transunet_lite,30,0.09250463848705598,0.11701450353333105,0.11701450353333105,0.02335595536336162,0.15282655320120786
2026-08-26 17:12:38,transunet_lite,31,0.09244953341694781,0.11091248822049238,0.11091248822049238,0.020387539254746418,0.14278494057409002
2026-08-26 17:14:24,transunet_lite,32,0.09218351221667641,0.11519354533569033,0.11519354533569033,0.022336601889492158,0.1494543471749556
2026-08-26 17:16:08,transunet_lite,33,0.09260931261305813,0.11556451828073477,0.11556451828073477,0.022657167045963433,0.15052297846496207
2026-08-26 17:17:53,transunet_lite,34,0.0906760372473703,0.11204359003265078,0.11204359003265078,0.02129566566797318,0.14593034526092638
2026-08-26 17:19:38,transunet_lite,35,0.09174560432875296,0.11519879716312668,0.11519879716312668,0.022401079922171146,0.14966990319423323
2026-08-26 17:21:23,transunet_lite,36,0.0877049794124711,0.11429585624136962,0.11429585624136962,0.022225455259255494,0.1490820420414729
2026-08-26 17:23:08,transunet_lite,37,0.08779630078521829,0.10851060061516667,0.10851060061516667,0.01952018807787681,0.13971466665270618
2026-08-26 17:24:53,transunet_lite,38,0.08815012670117237,0.10961563574528554,0.10961563574528554,0.02037281942542298,0.14273338581223027
2026-08-26 17:26:38,transunet_lite,39,0.08676380965165056,0.10852575543443284,0.10852575543443284,0.01947398019645637,0.13954920349631655
2026-08-26 17:28:23,transunet_lite,40,0.08947146950376919,0.11241493082343368,0.11241493082343368,0.021512046540010488,0.1466698555941557
2026-08-26 17:30:08,transunet_lite,41,0.08721904422006142,0.10906465786077509,0.10906465786077509,0.020065010466472206,0.14165101646819273
2026-08-26 17:31:53,transunet_lite,42,0.08831236855039606,0.11614136802624368,0.11614136802624368,0.02287437354107169,0.15124276359902875
2026-08-26 17:33:38,transunet_lite,43,0.08759700378504931,0.1104137092406745,0.1104137092406745,0.02033310508932118,0.1425941972498221
2026-08-26 17:35:23,transunet_lite,44,0.08737844072942001,0.10755768416856881,0.10755768416856881,0.01946424129027946,0.13951430496647813
2026-08-26 17:37:08,transunet_lite,45,0.08555650577861039,0.10978065229816518,0.10978065229816518,0.020665520617815975,0.14375507162467685
2026-08-26 17:38:53,transunet_lite,46,0.08438646256157274,0.10603122087195516,0.10603122087195516,0.019087445250837238,0.1381573206559726
2026-08-26 17:40:38,transunet_lite,47,0.08454301856957804,0.11347014426185827,0.11347014426185827,0.022041940629378587,0.14846528425655134
2026-08-26 17:42:23,transunet_lite,48,0.08416655055698356,0.10986231463660563,0.10986231463660563,0.020620861737597806,0.143599657860309
2026-08-26 17:44:08,transunet_lite,49,0.08426462870556861,0.11011976093626193,0.11011976093626193,0.02089275011758218,0.14454324653051828
2026-08-26 17:45:53,transunet_lite,50,0.08391846218558688,0.10819699152489193,0.10819699152489193,0.019776001635515666,0.14062717246505266
2026-08-26 17:47:38,transunet_lite,51,0.08398077181433715,0.10999922705135153,0.10999922705135153,0.020920721880581066,0.1446399733150593
2026-08-26 17:49:23,transunet_lite,52,0.08307886609254637,0.10532386675671053,0.10532386675671053,0.018852512431067225,0.1373044516068843
2026-08-26 17:51:09,transunet_lite,53,0.08256830508835264,0.10577840242088617,0.10577840242088617,0.019155307877175193,0.13840270184203485
2026-08-26 17:52:54,transunet_lite,54,0.08191608687775442,0.10554224276953998,0.10554224276953998,0.0188391704842464,0.1372558577411048
2026-08-26 17:54:39,transunet_lite,55,0.08158321806695312,0.1056634294182004,0.1056634294182004,0.01892663833033718,0.13757411940600303
2026-08-26 17:56:24,transunet_lite,56,0.08223492253964651,0.10882005077534511,0.10882005077534511,0.020240700962858682,0.1422698174696892
2026-08-26 17:58:09,transunet_lite,57,0.0828414569926584,0.10867069788461474,0.10867069788461474,0.020256438946413862,0.1423251170609526
2026-08-26 17:59:54,transunet_lite,58,0.09562790392349901,0.11475993346054263,0.11475993346054263,0.022441351108000163,0.1498043761310068
2026-08-26 18:01:39,transunet_lite,59,0.0880422615603796,0.10818884143979328,0.10818884143979328,0.02004041670670631,0.14156417875545463
2026-08-26 18:03:24,transunet_lite,60,0.09151564685453195,0.11161024063282336,0.11161024063282336,0.02111233216146502,0.14530083331304408
2026-08-26 18:05:09,transunet_lite,61,0.08634626641724026,0.1075278872109872,0.1075278872109872,0.019611017017571914,0.14003934096378745
2026-08-26 18:06:54,transunet_lite,62,0.08538001812776201,0.10721898677244705,0.10721898677244705,0.019606415482864275,0.14002291056417973
2026-08-26 18:08:39,transunet_lite,63,0.0807765118869914,0.10935822872367378,0.10935822872367378,0.02021753661991473,0.14218838426508237
2026-08-26 18:10:24,transunet_lite,64,0.08275482560323628,0.11155991998020909,0.11155991998020909,0.02124438583625003,0.14575453967629973
2026-08-26 18:12:09,transunet_lite,65,0.08132445363420022,0.10896203423059585,0.10896203423059585,0.02046527758814894,0.14305690332224077
2026-08-26 18:13:54,transunet_lite,66,0.08338261066916554,0.10647028614524363,0.10647028614524363,0.019430565934347516,0.13939356489575663
2026-08-26 18:15:39,transunet_lite,67,0.08671808063275724,0.10899699083408147,0.10899699083408147,0.020303660421253273,0.1424909134690815
2026-08-26 18:17:24,transunet_lite,68,0.08171861346563673,0.10464564158610301,0.10464564158610301,0.018533097322915637,0.13613631889733038
2026-08-26 18:19:09,transunet_lite,69,0.08395587287692857,0.10972508304015112,0.10972508304015112,0.020350063763847476,0.14265364966886573
2026-08-26 18:20:54,transunet_lite,70,0.0949868055783251,0.10743139740588958,0.10743139740588958,0.019818258755852487,0.14077733750803959
2026-08-26 18:22:39,transunet_lite,71,0.0858748845581431,0.11042883045350511,0.11042883045350511,0.020576401257130783,0.1434447672699523
2026-08-26 18:24:24,transunet_lite,72,0.08349251522789321,0.11338195584782322,0.11338195584782322,0.021902626390328805,0.1479953593540311
2026-08-26 18:26:09,transunet_lite,73,0.0790596749788771,0.11171055933300522,0.11171055933300522,0.021107465134339993,0.1452840842430443
2026-08-26 18:27:54,transunet_lite,74,0.08004117268113381,0.1101238743212889,0.1101238743212889,0.020638153503417318,0.1436598534852981
2026-08-26 18:29:39,transunet_lite,75,0.0803561727826794,0.10971733339586838,0.10971733339586838,0.02040059428895802,0.14283064898318573
2026-08-26 18:31:24,transunet_lite,76,0.07901950037873272,0.10954885989000711,0.10954885989000711,0.02034780681772948,0.14264573886986417
2026-08-26 18:33:09,transunet_lite,77,0.07989559219155733,0.10933083199173173,0.10933083199173173,0.02034360501897936,0.14263101001878714
2026-08-26 18:34:54,transunet_lite,78,0.0791099187086123,0.10843637817379204,0.10843637817379204,0.02002972301185461,0.141526403938822
2026-08-26 18:36:39,transunet_lite,79,0.07956777813499988,0.1115160021314902,0.1115160021314902,0.020951198278908123,0.14474528758791466
2026-08-26 18:38:24,transunet_lite,80,0.08206534068279628,0.11002325270722697,0.11002325270722697,0.020485363458040712,0.14312708848446792
2026-08-26 18:40:09,transunet_lite,81,0.08045936645527642,0.1106061486765005,0.1106061486765005,0.020632835041396902,0.14364134168614864
2026-08-26 18:41:54,transunet_lite,82,0.07948422427289188,0.10789508778058614,0.10789508778058614,0.019635923508303676,0.1401282395104701
2026-08-26 18:43:39,transunet_lite,83,0.08033233484626787,0.10821511622877249,0.10821511622877249,0.019767337530993245,0.1405963638612082
2026-08-26 18:45:24,transunet_lite,84,0.07904973246259032,0.11153874482988613,0.11153874482988613,0.021055849286009714,0.1451063378561037
2026-08-26 18:47:09,transunet_lite,85,0.07725481287076642,0.1078615446810242,0.1078615446810242,0.019647856574996087,0.14017081213646473
2026-08-26 18:48:54,transunet_lite,86,0.0886449523359867,0.10987764763922314,0.10987764763922314,0.020459662526642813,0.14303727670311264
2026-08-26 18:50:39,transunet_lite,87,0.07801243163630715,0.10653241950907007,0.10653241950907007,0.0190164474042831,0.13790013562097428
2026-08-26 18:52:24,transunet_lite,88,0.07807744689635002,0.10759109550902697,0.10759109550902697,0.019449653623951235,0.13946201498598546
2026-08-26 18:54:09,transunet_lite,89,0.07822552523842509,0.10932150556254783,0.10932150556254783,0.01996746118932909,0.14130626733917037
2026-08-26 18:55:54,transunet_lite,90,0.07933561743290435,0.1117112558131339,0.1117112558131339,0.021023158746553843,0.1449936507111737
2026-08-26 18:57:39,transunet_lite,91,0.0793545520081049,0.10633410254619473,0.10633410254619473,0.01915885093747723,0.13841550107367753
2026-08-26 18:59:24,transunet_lite,92,0.078336487456545,0.1110814020842857,0.1110814020842857,0.020795699498800484,0.1442071409424668
2026-08-26 19:01:09,transunet_lite,93,0.07852510785208627,0.10945100363217837,0.10945100363217837,0.020194388147729114,0.14210696023674954
2026-08-26 19:02:54,transunet_lite,94,0.08000978729663379,0.112274403207266,0.112274403207266,0.02126956376120385,0.1458408850809808
2026-08-26 19:04:39,transunet_lite,95,0.08201632807637603,0.10878646032263835,0.10878646032263835,0.02001572503013449,0.14147694169063202
2026-08-26 19:06:24,transunet_lite,96,0.08334852858436838,0.11130946011447425,0.11130946011447425,0.020896096632213812,0.144554822237841
2026-08-26 19:08:09,transunet_lite,97,0.0790529465295549,0.11435398277293037,0.11435398277293037,0.022040069324627137,0.14845898196009272
2026-08-26 19:09:54,transunet_lite,98,0.07841259988660264,0.11222911864509418,0.11222911864509418,0.02128871942469838,0.14590654346086876
2026-08-26 19:11:39,transunet_lite,99,0.07712531497139329,0.11440078148492223,0.11440078148492223,0.022040135753741197,0.14845920568877227
2026-08-26 19:13:24,transunet_lite,100,0.07672224746856955,0.11080747971330614,0.11080747971330614,0.020797204445292056,0.14421235885073116
2026-08-26 19:15:02,small_unet,1,0.13186401914766369,0.11866027638704206,0.11866027638704206,0.023840157762606395,0.15440258340651686
2026-08-26 19:15:48,small_unet,2,0.11419097526037755,0.11325625739603613,0.11325625739603613,0.020970471517406015,0.1448118486775375
2026-08-26 19:16:35,small_unet,3,0.11390797809775298,0.11559914258153488,0.11559914258153488,0.02087676964098743,0.14448795673338116
2026-08-26 19:17:21,small_unet,4,0.11382187101989985,0.11804799612339896,0.11804799612339896,0.02148959575970366,0.14659330052803798
2026-08-26 19:18:07,small_unet,5,0.11310228386622233,0.11774624101235531,0.11774624101235531,0.02136560468231134,0.14616978033202122
2026-08-26 19:18:53,small_unet,6,0.11326660415118871,0.11827494819105293,0.11827494819105293,0.02151309878657533,0.1466734426764959
2026-08-26 19:19:39,small_unet,7,0.11317432654129031,0.11784903642061788,0.11784903642061788,0.021365354009200626,0.14616892285708555
2026-08-26 19:20:25,small_unet,8,0.11224979548132978,0.11781013324313487,0.11781013324313487,0.021342052138303796,0.14608919240759666
2026-08-26 19:21:11,small_unet,9,0.11326606185951581,0.11775595666646647,0.11775595666646647,0.02133060349660809,0.1460500034118729
2026-08-26 19:21:58,small_unet,10,0.11342545058384228,0.11779148159742665,0.11779148159742665,0.021342341341248055,0.1460901822205998
2026-08-26 19:22:44,small_unet,11,0.11231245171123495,0.11752614086920705,0.11752614086920705,0.02127895645511065,0.14587308338110444
2026-08-26 19:23:30,small_unet,12,0.11253825697155359,0.11768939227719481,0.11768939227719481,0.02129133156389192,0.14591549459838704
2026-08-26 19:24:16,small_unet,13,0.11269276365443753,0.11681942876505975,0.11681942876505975,0.021069974317166878,0.1451550010063962
2026-08-26 19:25:02,small_unet,14,0.11371202694911821,0.11650939444856097,0.11650939444856097,0.021013280619323876,0.14495958270953968
2026-08-26 19:25:48,small_unet,15,0.11327780483212943,0.1168390052431884,0.1168390052431884,0.02107243727490034,0.14516348464713963
2026-08-26 19:26:34,small_unet,16,0.11345700659633924,0.1163852693377218,0.1163852693377218,0.02094419037712214,0.14472107786055954
2026-08-26 19:27:20,small_unet,17,0.11334010294328133,0.115354385964262,0.115354385964262,0.02068623394976991,0.14382709741133592
2026-08-26 19:28:06,small_unet,18,0.11358323510891448,0.1149702151111948,0.1149702151111948,0.020589502367632424,0.1434904260486825
2026-08-26 19:28:52,small_unet,19,0.11344622038692857,0.11535968382183152,0.11535968382183152,0.020699296018089324,0.14387249917232037
2026-08-26 19:29:38,small_unet,20,0.11311673127153578,0.11442400378291495,0.11442400378291495,0.020413116114165557,0.1428744767765242
2026-08-26 19:30:24,small_unet,21,0.11327627618253852,0.11551487804778542,0.11551487804778542,0.020832845133554656,0.14433587611385693
2026-08-26 19:31:10,small_unet,22,0.11313070758090665,0.11394967724724363,0.11394967724724363,0.020288844252111932,0.1424389141074585
2026-08-26 19:31:56,small_unet,23,0.11300442572489071,0.11356480155761044,0.11356480155761044,0.020174129156051396,0.14203566156445147
2026-08-26 19:32:43,small_unet,24,0.11219868312473409,0.11358990643445092,0.11358990643445092,0.020150136204999097,0.14195117542662017
2026-08-26 19:33:29,small_unet,25,0.11202108732735118,0.11631791247054935,0.11631791247054935,0.020890832659764175,0.1445366135612848
2026-08-26 19:34:15,small_unet,26,0.11215766571306934,0.1184646926218799,0.1184646926218799,0.021504265093123347,0.14664332611177144
2026-08-26 19:35:01,small_unet,27,0.11232918229264517,0.11245484514317165,0.11245484514317165,0.019790272861428093,0.14067790466675317
2026-08-26 19:35:47,small_unet,28,0.11085546636410679,0.11504105673520826,0.11504105673520826,0.020425985732799745,0.14291950788048405
2026-08-26 19:36:33,small_unet,29,0.11175334677294207,0.11406291081220843,0.11406291081220843,0.020185275797606057,0.14207489502936843
2026-08-26 19:37:19,small_unet,30,0.11080507670994848,0.11622758801483239,0.11622758801483239,0.020808308387131547,0.14425085229256548
2026-08-26 19:38:05,small_unet,31,0.11156428125492918,0.11371655579811583,0.11371655579811583,0.02009627319057472,0.1417613247348328
2026-08-26 19:38:51,small_unet,32,0.11108293332314739,0.11401227011810988,0.11401227011810988,0.02010598042276494,0.14179555854385897
2026-08-26 19:39:37,small_unet,33,0.11103285696784344,0.11333571537397802,0.11333571537397802,0.019954434839746682,0.1412601672084055
2026-08-26 19:40:23,small_unet,34,0.11082584316027351,0.11112116454751231,0.11112116454751231,0.019356365727920394,0.13912715668740017
2026-08-26 19:41:09,small_unet,35,0.11056356611467587,0.11247848776595977,0.11247848776595977,0.019706477485063562,0.14037976166479113
2026-08-26 19:41:55,small_unet,36,0.1095746181847062,0.11607547304204975,0.11607547304204975,0.020744706759311764,0.14403022863035303
2026-08-26 19:42:41,small_unet,37,0.11064674105145969,0.11168276461345765,0.11168276461345765,0.019470083514534053,0.1395352411204211
2026-08-26 19:43:28,small_unet,38,0.10993455716913256,0.11059961226419546,0.11059961226419546,0.019225859255432926,0.13865734475833916
2026-08-26 19:44:14,small_unet,39,0.1099807378098679,0.11363156207759555,0.11363156207759555,0.020107427850841002,0.14180066237800515
2026-08-26 19:45:00,small_unet,40,0.10970667614213502,0.11120434575908196,0.11120434575908196,0.019357734214887994,0.1391320747163931
2026-08-26 19:45:46,small_unet,41,0.10929244207800366,0.1101223653240595,0.1101223653240595,0.019019282058555593,0.13791041316215247
2026-08-26 19:46:32,small_unet,42,0.10901770607063857,0.11204071981289114,0.11204071981289114,0.0196760558586296,0.14027136507010118
2026-08-26 19:47:18,small_unet,43,0.10942169141878064,0.11769468643857788,0.11769468643857788,0.02122432539181318,0.14568570757563415
2026-08-26 19:48:04,small_unet,44,0.1103140913376895,0.11210455308901146,0.11210455308901146,0.01949853507358057,0.13963715506118193
2026-08-26 19:48:50,small_unet,45,0.10841139137822514,0.11424374349492912,0.11424374349492912,0.020559618533297908,0.14338625643100494
2026-08-26 19:49:36,small_unet,46,0.11001492959136765,0.11285649475757964,0.11285649475757964,0.019835173002017353,0.14083739915951782
2026-08-26 19:50:22,small_unet,47,0.10908136718596022,0.11017736964276992,0.11017736964276992,0.019211787560683053,0.13860659277495804
2026-08-26 19:51:08,small_unet,48,0.10875714983364257,0.11251849170851831,0.11251849170851831,0.01979798292935205,0.14070530526370373
2026-08-26 19:51:54,small_unet,49,0.10955664603194842,0.11071369409910403,0.11071369409910403,0.01926216614265286,0.1387882060646828
2026-08-26 19:52:40,small_unet,50,0.10873110001363481,0.10998636261986879,0.10998636261986879,0.01894725324382307,0.1376490219501144
2026-08-26 19:53:26,small_unet,51,0.10837316472898237,0.11037194888922386,0.11037194888922386,0.019103384939323103,0.13821499534899642
2026-08-26 19:54:12,small_unet,52,0.1092548596226455,0.12047460745088756,0.12047460745088756,0.022202799875230994,0.14900603972735801
2026-08-26 19:54:58,small_unet,53,0.10811966733502534,0.1150305888731964,0.1150305888731964,0.020624878366409877,0.1436136426890213
2026-08-26 19:55:44,small_unet,54,0.10933146349852904,0.11034116298348333,0.11034116298348333,0.019051462249384105,0.13802703448739348
2026-08-26 19:56:30,small_unet,55,0.10826930433201293,0.10907222784589976,0.10907222784589976,0.018650179858620202,0.1365656613450841
2026-08-26 19:57:17,small_unet,56,0.10782743316182557,0.11109372065402567,0.11109372065402567,0.01928460556761517,0.1388690230671159
2026-08-26 19:58:03,small_unet,57,0.10849092798113512,0.11213579646816167,0.11213579646816167,0.01955769818717575,0.1398488404927826
2026-08-26 19:58:49,small_unet,58,0.10784176611341537,0.11527444744327416,0.11527444744327416,0.020364873285871,0.14270554749508163
2026-08-26 19:59:35,small_unet,59,0.10711626711611946,0.10892585472902283,0.10892585472902283,0.01864536338871403,0.13654802594220844
2026-08-26 20:00:21,small_unet,60,0.10720520025934092,0.109704893877885,0.109704893877885,0.019194577682355884,0.138544497120441
2026-08-26 20:01:07,small_unet,61,0.1090607853489928,0.10814817727077752,0.10814817727077752,0.018406589081375085,0.1356708851647069
2026-08-26 20:01:53,small_unet,62,0.10653066376883848,0.10969935880469468,0.10969935880469468,0.018856078986573266,0.13731743875623834
2026-08-26 20:02:39,small_unet,63,0.10617543505892778,0.10797421497409232,0.10797421497409232,0.018235591682241648,0.1350392227548783
2026-08-26 20:03:25,small_unet,64,0.10616167430416681,0.11015143369634946,0.11015143369634946,0.01900330081055775,0.13785246029925527
2026-08-26 20:04:11,small_unet,65,0.10638344927768534,0.10883810139299992,0.10883810139299992,0.01863911193504464,0.13652513297940655
2026-08-26 20:04:57,small_unet,66,0.1059687622570588,0.11195693918853067,0.11195693918853067,0.01974761387706773,0.14052620352470827
2026-08-26 20:05:43,small_unet,67,0.10602741300826893,0.10972036224363062,0.10972036224363062,0.018737570294736845,0.13688524498548718
2026-08-26 20:06:29,small_unet,68,0.1059622530049334,0.10851933156178954,0.10851933156178954,0.018393805383918032,0.13562376408254576
2026-08-26 20:07:15,small_unet,69,0.10514850673498585,0.10887313819451568,0.10887313819451568,0.018506382299771456,0.1360381648647594
2026-08-26 20:08:02,small_unet,70,0.10508627330418677,0.11214938468765467,0.11214938468765467,0.019720835348077042,0.14043089171573697
2026-08-26 20:08:48,small_unet,71,0.10491750380800416,0.10788397632616882,0.10788397632616882,0.018152312346501276,0.13473051750253642
2026-08-26 20:09:34,small_unet,72,0.10488612881163135,0.10976289794780314,0.10976289794780314,0.018988413637998747,0.13779845295938103
2026-08-26 20:10:20,small_unet,73,0.10470232357426236,0.11455195029460204,0.11455195029460204,0.020467784688662505,0.1430656656527432
2026-08-26 20:11:06,small_unet,74,0.10527893472656918,0.10881416345364414,0.10881416345364414,0.018806294602351652,0.1371360441399403
2026-08-26 20:11:52,small_unet,75,0.10502004965480106,0.1073536556699158,0.1073536556699158,0.018022263123687782,0.1342470227740183
2026-08-26 20:12:38,small_unet,76,0.1031324138030565,0.10700712113369566,0.10700712113369566,0.01784790005998123,0.13359603309971907
2026-08-26 20:13:24,small_unet,77,0.10361668436671607,0.11052712424619433,0.11052712424619433,0.019213936391073123,0.1386143441028854
2026-08-26 20:14:10,small_unet,78,0.10412120727123693,0.10667834416381083,0.10667834416381083,0.01796942405962909,0.13405008041634697
2026-08-26 20:14:57,small_unet,79,0.10317178243615975,0.10914243839215487,0.10914243839215487,0.018686372319280053,0.1366981064948599
2026-08-26 20:15:43,small_unet,80,0.10349963308156779,0.10841353957463677,0.10841353957463677,0.01850504881561695,0.13603326363657145
2026-08-26 20:16:29,small_unet,81,0.10272509136314814,0.11617156761349179,0.11617156761349179,0.020979516867858667,0.14484307669978108
2026-08-26 20:17:15,small_unet,82,0.10275004134358218,0.11460833184537478,0.11460833184537478,0.020412916515851975,0.1428737782654745
2026-08-26 20:18:01,small_unet,83,0.10260591797414235,0.10409800585087699,0.10409800585087699,0.017030211666982115,0.13049985313011703
2026-08-26 20:18:47,small_unet,84,0.10297384703687082,0.10285218586795963,0.10285218586795963,0.016703164246185526,0.12924072208938453
2026-08-26 20:19:33,small_unet,85,0.10197079790911327,0.10422461501245077,0.10422461501245077,0.01704657415818171,0.13056252968666665
2026-08-26 20:20:19,small_unet,86,0.10180622022598981,0.10629099560901523,0.10629099560901523,0.017589224343585858,0.13262437311288547
2026-08-26 20:21:05,small_unet,87,0.10183850127117088,0.10266905721315804,0.10266905721315804,0.016706528459811427,0.12925373673442261
2026-08-26 20:21:51,small_unet,88,0.10425062989039967,0.10204093422119816,0.10204093422119816,0.016547188716989087,0.12863587647693425
2026-08-26 20:22:37,small_unet,89,0.10192329245619476,0.11087539909446302,0.11087539909446302,0.019477846901281737,0.1395630570791631
2026-08-26 20:23:23,small_unet,90,0.1013177177500135,0.10480554329114966,0.10480554329114966,0.017201286149429507,0.13115367379311
2026-08-26 20:24:09,small_unet,91,0.10089927467439945,0.1026602474351724,0.1026602474351724,0.016628168221359374,0.12895025483247163
2026-08-26 20:24:55,small_unet,92,0.10083390499348752,0.10185184166766703,0.10185184166766703,0.016390641080458106,0.12802593909227186
2026-08-26 20:25:41,small_unet,93,0.10059929179066482,0.10170625833173592,0.10170625833173592,0.016371571153285913,0.1279514406065282
2026-08-26 20:26:27,small_unet,94,0.10050117048861769,0.10163655537568654,0.10163655537568654,0.01634038926871047,0.1278295320679477
2026-08-26 20:27:14,small_unet,95,0.10035950672269488,0.10112787806428969,0.10112787806428969,0.016212792272199295,0.12732946348822527
2026-08-26 20:28:00,small_unet,96,0.10035739142913372,0.10095234762411565,0.10095234762411565,0.01618218968784883,0.1272092358590713
2026-08-26 20:28:46,small_unet,97,0.10018466070566016,0.10098341090876299,0.10098341090876299,0.016178949971921004,0.12719650141384
2026-08-26 20:29:32,small_unet,98,0.09995689746380473,0.10112575749129367,0.10112575749129367,0.01621840926660904,0.12735151850923898
2026-08-26 20:30:18,small_unet,99,0.0998426908433127,0.10133474725686635,0.10133474725686635,0.016251927368405934,0.1274830473765274
2026-08-26 20:31:04,small_unet,100,0.09986892874973516,0.10067082970635965,0.10067082970635965,0.016147800227069336,0.12707399508581343
2026-08-26 20:34:31,small_unet,1,0.11359244636356985,0.13170414556225296,0.13170414556225296,0.03011889531565733,0.17354796257996616
2026-08-26 20:35:16,small_unet,2,0.10891910503366185,0.12486590468809784,0.12486590468809784,0.02681617619540096,0.16375645390457427
2026-08-26 20:36:02,small_unet,3,0.10757427520002238,0.118312860019311,0.118312860019311,0.023683828945953184,0.1538955130793396
2026-08-26 20:36:47,small_unet,4,0.10798411127955963,0.11753409221516146,0.11753409221516146,0.023273344292344216,0.1525560365647463
2026-08-26 20:37:32,small_unet,5,0.10884993703803048,0.11311284714126184,0.11311284714126184,0.020763494868030346,0.14409543666622598
2026-08-26 20:38:17,small_unet,6,0.10874814178193143,0.11328674920756991,0.11328674920756991,0.02057803244861134,0.1434504529397218
2026-08-26 20:39:03,small_unet,7,0.10896868345347079,0.11364849578725018,0.11364849578725018,0.0206319873262449,0.14363839085093127
2026-08-26 20:39:48,small_unet,8,0.10907610383583233,0.11344194054254331,0.11344194054254331,0.020385113906134695,0.14277644730884256
2026-08-26 20:40:33,small_unet,9,0.10949074884896011,0.11357003449423549,0.11357003449423549,0.020448266643446306,0.14299743579325577
2026-08-26 20:41:18,small_unet,10,0.10981151526599812,0.11317616927650913,0.11317616927650913,0.020378753516221575,0.14275417162458537
2026-08-26 20:42:03,small_unet,11,0.10931540843836653,0.11386157169666451,0.11386157169666451,0.020616716758013354,0.14358522472041946
2026-08-26 20:42:49,small_unet,12,0.10879853121004998,0.11275454988450899,0.11275454988450899,0.02038819389933148,0.14278723297035867
2026-08-26 20:43:34,small_unet,13,0.10829927819431759,0.11291834810011399,0.11291834810011399,0.020456620858264312,0.14302664387541333
2026-08-26 20:44:19,small_unet,14,0.1080775080791985,0.12882067338796332,0.12882067338796332,0.02825669040006081,0.16809726470130562
2026-08-26 20:45:04,small_unet,15,0.10905770120346764,0.11255826876246526,0.11255826876246526,0.020345322429117612,0.14263703035718883
2026-08-26 20:45:50,small_unet,16,0.11020264627295547,0.11261562728032004,0.11261562728032004,0.020252892019319308,0.14231265586489245
2026-08-26 20:46:35,small_unet,17,0.10955743719435608,0.1124249639979098,0.1124249639979098,0.02036073012883814,0.14269103030267227
2026-08-26 20:47:20,small_unet,18,0.11020672545031024,0.11378210365849857,0.11378210365849857,0.021209860534327163,0.14563605506304805
2026-08-26 20:48:05,small_unet,19,0.10780220557450472,0.12155064049875364,0.12155064049875364,0.025080740565802746,0.15836900127803655
2026-08-26 20:48:51,small_unet,20,0.10897554311765513,0.11225555028067902,0.11225555028067902,0.02007743210803407,0.1416948556159823
2026-08-26 20:49:36,small_unet,21,0.10872353287219691,0.11201905263684846,0.11201905263684846,0.020046685226892198,0.14158631723048734
2026-08-26 20:50:21,small_unet,22,0.10826276707909226,0.11199686349815845,0.11199686349815845,0.02002389113325383,0.14150579893860826
2026-08-26 20:51:06,small_unet,23,0.10788985726248938,0.11202158910358169,0.11202158910358169,0.019994274538172856,0.14140111222395974
2026-08-26 20:51:51,small_unet,24,0.10831201544012098,0.11202804007916711,0.11202804007916711,0.01998439598113085,0.14136617693469272
2026-08-26 20:52:37,small_unet,25,0.10772355682274792,0.11185730969009455,0.11185730969009455,0.02009369851536273,0.14175224342268
2026-08-26 20:53:22,small_unet,26,0.1082905045254544,0.11139784592281406,0.11139784592281406,0.0199171540759077,0.14112814770947607
2026-08-26 20:54:07,small_unet,27,0.10782832876623918,0.11120318978404005,0.11120318978404005,0.019851170443265193,0.14089418172254378
2026-08-26 20:54:52,small_unet,28,0.10758425330374545,0.111846602652804,0.111846602652804,0.02005611508138827,0.1416196140419408
2026-08-26 20:55:38,small_unet,29,0.10850122068271352,0.11077875289386914,0.11077875289386914,0.019700576021629484,0.14035874045327382
2026-08-26 20:56:23,small_unet,30,0.10825536305589291,0.11613898014669151,0.11613898014669151,0.02264430868550941,0.1504802601190914
2026-08-26 20:57:08,small_unet,31,0.1069308433526506,0.1108573222833608,0.1108573222833608,0.019724428357221768,0.14044368393495582
2026-08-26 20:57:54,small_unet,32,0.10778993195078025,0.11088220987585373,0.11088220987585373,0.019615303549168555,0.14005464486823904
2026-08-26 20:58:39,small_unet,33,0.1075259696682527,0.11123343654132138,0.11123343654132138,0.01988012269551594,0.14099688895687004
2026-08-26 20:59:24,small_unet,34,0.10722448936236711,0.11089513477539488,0.11089513477539488,0.019626343370570492,0.1400940518743408
2026-08-26 21:00:09,small_unet,35,0.10772865468752571,0.11107335551059805,0.11107335551059805,0.01966766846756703,0.14024146486530661
2026-08-26 21:00:55,small_unet,36,0.1070109045288215,0.11074415431842984,0.11074415431842984,0.019670556213895907,0.1402517601097965
2026-08-26 21:01:40,small_unet,37,0.10719872219099974,0.11057613060499231,0.11057613060499231,0.01957054304966732,0.1398947570485303
2026-08-26 21:02:25,small_unet,38,0.10741706767003052,0.11079728127515409,0.11079728127515409,0.01961103694823881,0.14003941212472584
2026-08-26 21:03:11,small_unet,39,0.10683273836912122,0.11020360914699268,0.11020360914699268,0.019444322554894217,0.13944290069736148
2026-08-26 21:03:56,small_unet,40,0.1068072487435226,0.11061555425112601,0.11061555425112601,0.019524153444763215,0.13972885687918302
2026-08-26 21:04:41,small_unet,41,0.10628783442177034,0.11045404418352216,0.11045404418352216,0.019421501498982252,0.13936104728001383
2026-08-26 21:05:26,small_unet,42,0.10545143276782862,0.11090694771458705,0.11090694771458705,0.01947530849611212,0.13955396266717804
2026-08-26 21:06:11,small_unet,43,0.10656580407667207,0.11016547923888236,0.11016547923888236,0.01930209796349421,0.13893199042515086
2026-08-26 21:06:56,small_unet,44,0.10536446477635764,0.11059953575507582,0.11059953575507582,0.01940956504525578,0.13931821505192987
2026-08-26 21:07:42,small_unet,45,0.10640864391364933,0.11039023113941464,0.11039023113941464,0.01928503086431495,0.13887055434581858
2026-08-26 21:08:27,small_unet,46,0.10600988444445344,0.10978048718728435,0.10978048718728435,0.019341796535324345,0.13907478756167255
2026-08-26 21:09:12,small_unet,47,0.10541295546621161,0.11046306636126246,0.11046306636126246,0.01927009254056126,0.13881675886059747
2026-08-26 21:09:57,small_unet,48,0.10635720770612049,0.11074192366019513,0.11074192366019513,0.01964987861235083,0.1401780247126875
2026-08-26 21:10:42,small_unet,49,0.1071432817436289,0.11012177115965945,0.11012177115965945,0.01932813999095136,0.13902568104832777
2026-08-26 21:11:28,small_unet,50,0.10513648371318898,0.1106200944777811,0.1106200944777811,0.01938004496666205,0.13921222994644564
2026-08-26 21:12:13,small_unet,51,0.10466524017829215,0.11016995906053732,0.11016995906053732,0.019203785752627784,0.1385777245903099
2026-08-26 21:12:58,small_unet,52,0.1053899807021177,0.11181213683933795,0.11181213683933795,0.019635556683776183,0.14012693061569637
2026-08-26 21:13:43,small_unet,53,0.10549542540781355,0.1105074901182282,0.1105074901182282,0.019216533586889756,0.13862371221003195
2026-08-26 21:14:29,small_unet,54,0.10569045407319208,0.10956216655904427,0.10956216655904427,0.019049920524291036,0.13802144950800596
2026-08-26 21:15:14,small_unet,55,0.10448300178007533,0.10949175735004246,0.10949175735004246,0.018971422705362784,0.1377367877705981
2026-08-26 21:15:59,small_unet,56,0.10503302596237821,0.1094777256269784,0.1094777256269784,0.019142008174033737,0.13835464637674347
2026-08-26 21:16:45,small_unet,57,0.10477261148043908,0.11198226324631833,0.11198226324631833,0.020701940991784795,0.14388169095400843
2026-08-26 21:17:30,small_unet,58,0.10430092359213934,0.11023917572553425,0.11023917572553425,0.019217401524959616,0.13862684272881504
2026-08-26 21:18:15,small_unet,59,0.10383399974525673,0.10909846421661011,0.10909846421661011,0.018822240082045028,0.13719416927131062
2026-08-26 21:19:00,small_unet,60,0.10416159600717947,0.109231189780985,0.109231189780985,0.018996808119178848,0.1378289088659518
2026-08-26 21:19:46,small_unet,61,0.10345239226298872,0.11780501708077888,0.11780501708077888,0.023187651063684218,0.15227491935208576
2026-08-26 21:20:31,small_unet,62,0.10344336094422033,0.10913183657976333,0.10913183657976333,0.01894475480548863,0.13763994625648698
2026-08-26 21:21:16,small_unet,63,0.10306489575984111,0.10850432587903924,0.10850432587903924,0.018749486001676512,0.13692876250692004
2026-08-26 21:22:02,small_unet,64,0.10243537077233972,0.10913826339431883,0.10913826339431883,0.01883521573957599,0.13724145051541822
2026-08-26 21:22:47,small_unet,65,0.10274875768324515,0.10828821942656457,0.10828821942656457,0.018570265867613973,0.1362727627503529
2026-08-26 21:23:32,small_unet,66,0.10218748964931972,0.10764593053318094,0.10764593053318094,0.018358841777626367,0.13549480350783336
2026-08-26 21:24:17,small_unet,67,0.1018025192519417,0.10764125400358655,0.10764125400358655,0.018379846916104725,0.13557229405783736
2026-08-26 21:25:03,small_unet,68,0.10159899410791695,0.10667820118154243,0.10667820118154243,0.018076444805046776,0.1344486697778999
2026-08-26 21:25:48,small_unet,69,0.10158337797474815,0.10780317003082018,0.10780317003082018,0.019157912460893083,0.1384121109617691
2026-08-26 21:26:33,small_unet,70,0.10116232810444975,0.10667270195456997,0.10667270195456997,0.018079396920560004,0.13445964792665493
2026-08-26 21:27:18,small_unet,71,0.10130018318547324,0.1072476998330482,0.1072476998330482,0.018286262927783053,0.1352267093727532
2026-08-26 21:28:04,small_unet,72,0.10077366865298246,0.10662385150499176,0.10662385150499176,0.01804862099773648,0.13434515621240864
2026-08-26 21:28:49,small_unet,73,0.10061590444286897,0.10618316007700439,0.10618316007700439,0.017920048562094355,0.13386578562909326
2026-08-26 21:29:34,small_unet,74,0.10054128073582737,0.10559715286944993,0.10559715286944993,0.017902688542562828,0.13380092878064348
2026-08-26 21:30:19,small_unet,75,0.09984857599095752,0.10482279876305256,0.10482279876305256,0.017521020119602326,0.13236699029441715
2026-08-26 21:31:04,small_unet,76,0.099396110837309,0.10502379409930047,0.10502379409930047,0.017643091727525945,0.1328273003848454
2026-08-26 21:31:50,small_unet,77,0.09923545917651305,0.10443329738336615,0.10443329738336615,0.01742841046537554,0.1320167052511747
2026-08-26 21:32:35,small_unet,78,0.09948801135566707,0.10466871300983864,0.10466871300983864,0.01745852351450594,0.13213070617576347
2026-08-26 21:33:20,small_unet,79,0.09907755340003253,0.10435527007211931,0.10435527007211931,0.017389077637441613,0.13186765197515884
2026-08-26 21:34:05,small_unet,80,0.09877799468619439,0.10474681847942217,0.10474681847942217,0.0175121314732678,0.1323334102684118
2026-08-26 21:34:50,small_unet,81,0.09810970818410472,0.10396423685112192,0.10396423685112192,0.017241965186258312,0.13130866378978318
2026-08-26 21:35:36,small_unet,82,0.09841960871223515,0.10526363489528497,0.10526363489528497,0.017622703334988426,0.132750530450874
2026-08-26 21:36:21,small_unet,83,0.09877334212845502,0.1041244547717118,0.1041244547717118,0.017360012771556892,0.13175740120219773
2026-08-26 21:37:06,small_unet,84,0.09802548688652071,0.10395978599747953,0.10395978599747953,0.01720814555907661,0.13117982146304594
2026-08-26 21:37:51,small_unet,85,0.09928664385515731,0.10410550895418662,0.10410550895418662,0.01733377341861342,0.1316577890540982
2026-08-26 21:38:36,small_unet,86,0.09862245274804687,0.1039163880632259,0.1039163880632259,0.01720229454015983,0.13115751804665957
2026-08-26 21:39:21,small_unet,87,0.09810879480549678,0.10352195248318215,0.10352195248318215,0.017182198779361595,0.1310808863998165
2026-08-26 21:40:07,small_unet,88,0.09736143496702425,0.10317987134233893,0.10317987134233893,0.017047853117219347,0.13056742747415737
2026-08-26 21:40:52,small_unet,89,0.09804764381163598,0.10330161428040203,0.10330161428040203,0.017039386343640217,0.13053500045443833
2026-08-26 21:41:37,small_unet,90,0.09750320533251701,0.10355174540988325,0.10355174540988325,0.017141127356201952,0.13092412824304753
2026-08-26 21:42:22,small_unet,91,0.09748285863606725,0.10250371301178045,0.10250371301178045,0.016846913081280945,0.1297956589462103
2026-08-26 21:43:07,small_unet,92,0.09749755070079118,0.10368858560589918,0.10368858560589918,0.01759863955824888,0.13265986415735875
2026-08-26 21:43:53,small_unet,93,0.0969139172899304,0.10249398794258013,0.10249398794258013,0.016828995538768748,0.12972661846656125
2026-08-26 21:44:38,small_unet,94,0.09677479545838044,0.10209365449554753,0.10209365449554753,0.016786507277477842,0.12956275420612917
2026-08-26 21:45:23,small_unet,95,0.0971068494565164,0.10233742066581424,0.10233742066581424,0.016943389942449965,0.13016677741440005
2026-08-26 21:46:08,small_unet,96,0.09661923978904573,0.10221491413540207,0.10221491413540207,0.016784491152975534,0.1295549734783483
2026-08-26 21:46:53,small_unet,97,0.09683315138681792,0.10188106378094137,0.10188106378094137,0.01668230738202207,0.12916000689850582
2026-08-26 21:47:39,small_unet,98,0.09647172748712668,0.10186020395970748,0.10186020395970748,0.016671226554838842,0.12911710403675744
2026-08-26 21:48:24,small_unet,99,0.09624109008194258,0.10214020406419877,0.10214020406419877,0.01672006625873716,0.12930609521108105
2026-08-26 21:49:09,small_unet,100,0.09617872418020852,0.10174694262968842,0.10174694262968842,0.016614526366538485,0.1288973481749663
